﻿<?xml version="1.0" encoding="utf-8" ?>

<imagelist>
	<image>
		<location>bankoflondon,royalexchange</location>
		<name>Bank Of London</name>
		<filename>BankOfLondonRoyalExchange.jpg</filename>
	</image>
	<image>
		<location>barbicancentre,barbican,centre</location>
		<name>Barbican Centre</name>
		<filename>BarbicanCentre.jpg</filename>
	</image>
	<image>
		<location>bigben,ben</location>
		<name>Big Ben</name>
		<filename>BigBen.jpg</filename>
	</image>
	<image>
		<location>waterloo,waterloostation,station</location>
		<name>Waterloo Station</name>
		<filename>WaterlooStation.jpg</filename>
	</image>	
	<image>
		<location>buckinghampalace,palace,buckingham</location>
		<name>Buckingham Palace</name>
		<filename>BuckinghamPalace.jpg</filename>
	</image>
	<image>
		<location>royalalberthall,royalalbert,albert,hall</location>
		<name>Royal Albert Hall</name>
		<filename>RoyalAlbertHall.jpg</filename>
	</image>
	<image>
		<location>shard,theshard,londontower,tower,towerbridge</location>
		<name>Shard And Tower</name>
		<filename>ShardLondonTowerTowerBridge.jpg</filename>
	</image>
	<image>
		<location>stpaulscathedral,stpaul'scathedral,stpaul's,cathedral</location>
		<name>St. Paul's Cathedral</name>
		<filename>stpaulscathedral.jpg</filename>
	</image>
	<image>
		<location>tatemodern,tate,modern</location>
		<name>Tate Modern</name>
		<filename>tatemodern.jpeg</filename>
	</image>
	<image>
		<location>riverthames,thames,river</location>
		<name>River Thames</name>
		<filename>Thames.jpg</filename>
	</image>
	<image>
		<location>waterloo,waterloostation,station</location>
		<name>Waterloo Station</name>
		<filename>WaterlooStationDaytime.jpg</filename>
	</image>	
	<image>
		<location>gherkin,thegherkin</location>
		<name>The Gherkin</name>
		<filename>TheGherkin.jpg</filename>
	</image>
	<image>
		<location>londontower,thelondontower,tower</location>
		<name>The London Tower</name>
		<filename>TheLondonTower.jpg</filename>
	</image>
	<image>
		<location>shard,theshard,shard</location>
		<name>The Shard</name>
		<filename>TheShard.jpg</filename>
	</image>
	<image>
		<location>towerbridge,londonbridge,bridge</location>
		<name>Tower Bridge</name>
		<filename>TowerBridge.jpg</filename>
	</image>
	<image>
		<location>trafalgarsquare,trafalgar,gallery,nationalgallery</location>
		<name>Trafalgar Square And National Gallery</name>
		<filename>TrafalgarSquareNationalGallery.jpg</filename>
	</image>
	<image>
		<location>westminsterabbey,westminster,abbey</location>
		<name>Westminster Abbey</name>
		<filename>WestminsterAbbey.jpg</filename>
	</image>
</imagelist>